https://results.eci.gov.in/PcResultGenJune2024/partywiseresult-,S01,.htm,https://results.eci.gov.in/PcResultGenJune2024/partywiseresult-S01.htm
https://results.eci.gov.in/PcResultGenJune2024/partywiseresult-,S02,.htm,https://results.eci.gov.in/PcResultGenJune2024/partywiseresult-S02.htm
https://results.eci.gov.in/PcResultGenJune2024/partywiseresult-,S03,.htm,https://results.eci.gov.in/PcResultGenJune2024/partywiseresult-S03.htm
https://results.eci.gov.in/PcResultGenJune2024/partywiseresult-,S04,.htm,https://results.eci.gov.in/PcResultGenJune2024/partywiseresult-S04.htm
https://results.eci.gov.in/PcResultGenJune2024/partywiseresult-,S05,.htm,https://results.eci.gov.in/PcResultGenJune2024/partywiseresult-S05.htm
https://results.eci.gov.in/PcResultGenJune2024/partywiseresult-,S06,.htm,https://results.eci.gov.in/PcResultGenJune2024/partywiseresult-S06.htm
https://results.eci.gov.in/PcResultGenJune2024/partywiseresult-,S07,.htm,https://results.eci.gov.in/PcResultGenJune2024/partywiseresult-S07.htm
https://results.eci.gov.in/PcResultGenJune2024/partywiseresult-,S08,.htm,https://results.eci.gov.in/PcResultGenJune2024/partywiseresult-S08.htm
,,,
https://results.eci.gov.in/PcResultGenJune2024/partywiseresult-,S10,.htm,https://results.eci.gov.in/PcResultGenJune2024/partywiseresult-S10.htm
https://results.eci.gov.in/PcResultGenJune2024/partywiseresult-,S11,.htm,https://results.eci.gov.in/PcResultGenJune2024/partywiseresult-S11.htm
https://results.eci.gov.in/PcResultGenJune2024/partywiseresult-,S12,.htm,https://results.eci.gov.in/PcResultGenJune2024/partywiseresult-S12.htm
https://results.eci.gov.in/PcResultGenJune2024/partywiseresult-,S13,.htm,https://results.eci.gov.in/PcResultGenJune2024/partywiseresult-S13.htm
https://results.eci.gov.in/PcResultGenJune2024/partywiseresult-,S14,.htm,https://results.eci.gov.in/PcResultGenJune2024/partywiseresult-S14.htm
https://results.eci.gov.in/PcResultGenJune2024/partywiseresult-,S15,.htm,https://results.eci.gov.in/PcResultGenJune2024/partywiseresult-S15.htm
https://results.eci.gov.in/PcResultGenJune2024/partywiseresult-,S16,.htm,https://results.eci.gov.in/PcResultGenJune2024/partywiseresult-S16.htm
https://results.eci.gov.in/PcResultGenJune2024/partywiseresult-,S17,.htm,https://results.eci.gov.in/PcResultGenJune2024/partywiseresult-S17.htm
https://results.eci.gov.in/PcResultGenJune2024/partywiseresult-,S18,.htm,https://results.eci.gov.in/PcResultGenJune2024/partywiseresult-S18.htm
https://results.eci.gov.in/PcResultGenJune2024/partywiseresult-,S19,.htm,https://results.eci.gov.in/PcResultGenJune2024/partywiseresult-S19.htm
https://results.eci.gov.in/PcResultGenJune2024/partywiseresult-,S20,.htm,https://results.eci.gov.in/PcResultGenJune2024/partywiseresult-S20.htm
https://results.eci.gov.in/PcResultGenJune2024/partywiseresult-,S21,.htm,https://results.eci.gov.in/PcResultGenJune2024/partywiseresult-S21.htm
https://results.eci.gov.in/PcResultGenJune2024/partywiseresult-,S22,.htm,https://results.eci.gov.in/PcResultGenJune2024/partywiseresult-S22.htm
https://results.eci.gov.in/PcResultGenJune2024/partywiseresult-,S23,.htm,https://results.eci.gov.in/PcResultGenJune2024/partywiseresult-S23.htm
https://results.eci.gov.in/PcResultGenJune2024/partywiseresult-,S24,.htm,https://results.eci.gov.in/PcResultGenJune2024/partywiseresult-S24.htm
https://results.eci.gov.in/PcResultGenJune2024/partywiseresult-,S25,.htm,https://results.eci.gov.in/PcResultGenJune2024/partywiseresult-S25.htm
https://results.eci.gov.in/PcResultGenJune2024/partywiseresult-,S26,.htm,https://results.eci.gov.in/PcResultGenJune2024/partywiseresult-S26.htm
https://results.eci.gov.in/PcResultGenJune2024/partywiseresult-,S27,.htm,https://results.eci.gov.in/PcResultGenJune2024/partywiseresult-S27.htm
https://results.eci.gov.in/PcResultGenJune2024/partywiseresult-,S28,.htm,https://results.eci.gov.in/PcResultGenJune2024/partywiseresult-S28.htm
https://results.eci.gov.in/PcResultGenJune2024/partywiseresult-,S29,.htm,https://results.eci.gov.in/PcResultGenJune2024/partywiseresult-S29.htm
https://results.eci.gov.in/PcResultGenJune2024/partywiseresult-,U01,.htm,https://results.eci.gov.in/PcResultGenJune2024/partywiseresult-U01.htm
https://results.eci.gov.in/PcResultGenJune2024/partywiseresult-,U02,.htm,https://results.eci.gov.in/PcResultGenJune2024/partywiseresult-U02.htm
https://results.eci.gov.in/PcResultGenJune2024/partywiseresult-,U03,.htm,https://results.eci.gov.in/PcResultGenJune2024/partywiseresult-U03.htm
,,,
https://results.eci.gov.in/PcResultGenJune2024/partywiseresult-,U05,.htm,https://results.eci.gov.in/PcResultGenJune2024/partywiseresult-U05.htm
https://results.eci.gov.in/PcResultGenJune2024/partywiseresult-,U06,.htm,https://results.eci.gov.in/PcResultGenJune2024/partywiseresult-U06.htm
https://results.eci.gov.in/PcResultGenJune2024/partywiseresult-,U07,.htm,https://results.eci.gov.in/PcResultGenJune2024/partywiseresult-U07.htm
https://results.eci.gov.in/PcResultGenJune2024/partywiseresult-,U08,.htm,https://results.eci.gov.in/PcResultGenJune2024/partywiseresult-U08.htm
https://results.eci.gov.in/PcResultGenJune2024/partywiseresult-,U09,.htm,https://results.eci.gov.in/PcResultGenJune2024/partywiseresult-U09.htm